Workbook

Sheet Inputs
A1: Parameter | B1: Cell | C1: Value / Example | D1: Units | E1: Notes
A2: Width of beam | B2: B2 | C2: 350 | D2: mm
A3: Overall depth (D) | B3: B3 | C3: 450 | D3: mm
A4: Effective cover / clear cover (d') | B4: B4 | C4: 50 | D4: mm | E4: You may include bar dia half in effective depth separately
A5: Factored bending moment (Mu) | B5: B5 | C5: =(C18*C16^2)/8 -> 175.5 | D5: kN·m | E5: Positive sagging, factored
A6: Factored shear force (Vu) | B6: B6 | C6: =C18*C16/2 -> 117 | D6: kN
A7: Grade of concrete (fck) | B7: B7 | C7: 25 | D7: MPa
A8: Grade of steel (fy) | B8: B8 | C8: 415 | D8: MPa
A9: Diameter used for flexural bars (phi) | B9: B9 | C9: 15 | D9: mm | E9: Typical bar diam
A10: Diameter for stirrup legs (φv) | B10: B10 | C10: 8 | D10: mm | E10: Typical stirrup dia
A11: Number of legs of stirrup | B11: B11 | C11: 2 | E11: 2-legged stirrups assumed
A12: Assumed z factor (use 0.9 for approximation) | B12: B12 | C12: 0.9 | E12: z = k * d (approx 0.9d)
A13: yield stress fro stirrups reinforcement | B13: B13 | C13: =IF(Inputs!C11="Mild",250,IF(Inputs!C11="Fe415",415,IF(Inputs!C11="Fe500",500,250))) -> 250 | D13: N/mm^2
A14: Dead load on beam | B14: DL | C14: 10 | D14: kN/m | E14: Superimposed DL
A15: Live load on beam | B15: LL | C15: 10 | D15: kN/m | E15: Superimposed LL
A16: Span | B16: L | C16: 6 | D16: m | E16: Beam span
A17: Self weight | B17: SW | C17: =(C3*C2*25)*10^-6 -> 3.9375 | D17: kN/m | E17: self weight
A18: Factored Load | B18: WF | C18: =1.5*(C14+C15+C16) -> 39 | D18: KN/m | E18: total load

Sheet Results
A1: Result | C1: Formula / Value (Excel formula shown where applicable) | D1: Units | E1: Notes
A2: Effective depth d | C2: =Inputs!C24-Results!C4 -> -117000 | D2: mm | E2: d = D - cover (simplified)
A3: Mu (N·mm) | C3: =Inputs!C5*1000000 -> 175500000 | D3: N·mm | E3: Convert kN·m to N·mm
A4: Vu (N) | C4: =Inputs!C6*1000 -> 117000 | D4: N | E4: Convert kN·m to N·mm
A5: Approx. lever arm z | C5: =Inputs!C12*(Inputs!C3-Inputs!C4) -> 360 | D5: mm | E5: z = z_factor * d ; z_factor default 0.10
A6: Limiting R (for Fe415 use 0.138, Fe500 use 0.149) | C6: =IF(C8=415,0.138,IF(C8=500,0.149,0.138)) -> #REF! | E6: Use appropriate Rlim for steel grade
A7: Mu_lim (Rlim * fck * b * d^2) | C7: =C6*Inputs!C7*Inputs!C2*C2^2 -> #REF! | D7: N·mm | E7: Compare Mu <= Mu_lim
A8: Check Mu <= Mu_lim ? | C8: =IF(C3<=C7, "OK - under reinforced", "Over reinforced") -> #REF!
A9: Required Ast (approx, using z approximation) | C9: =C3/(0.87*Inputs!C8*C5) -> 1350.2285 | D9: mm^2 | E9: Ast = Mu/(0.87*fy*z)
A10: Minimum Ast (Ast_min = 0.85*b*d/fy) | C10: =0.85*C2*Inputs!C2/Inputs!C8 -> -83873.494 | D10: mm^2
A11: Use Ast = MAX(Required, Min) | C11: =MAX(C9,C10) -> 1350.2285 | D11: mm^2
A12: Area of one bar (π/4*phi^2) | C12: =PI()*(Inputs!C9)^2/4 -> 176.71459 | D12: mm^2 | E12: phi in mm -> convert to m for area if needed (note units)
A13: No. of bars (rounded up) | C13: =CEILING(C11/C12,1) -> 8 | D13: nos
A14: Provided Ast (based on chosen bars) | C14: =C13*PI()*(Inputs!C9)^2/4 -> 1413.7167 | D14: mm^2
A15: % tension steel p | C15: =100*C14/(C2*Inputs!C2) -> -0.0034522996 | D15: %
A16: Nominal shear stress tau_v | C16: =C4/(C2*Inputs!C2) -> -0.0028571429 | D16: N/mm^2 | E16: Vu/(b*d)
A17: Enter allowable shear stress tc (from IS456 Table 19) here | C17: 0.5 | D17: N/mm^2 | E17: check from table
A18: Shear check (tau_v <= tc ?) | C18: =IF(C16<=C17,"Shear OK (no additional shear design needed)","Provide shear reinfoement") -> Shear OK (no additional shear design needed)
A19: Stirrup single leg area (mm^2) | C19: =PI()*Inputs!C10^2/4 -> 50.265482 | D19: mm^2
A20: Total stirrup area (Astv) for legs (2 legs by default) | C20: =C19*Inputs!C11 -> 100.53096 | D20: mm^2
A21: Required spacing Sv (if shear reinforcement needed) | C21: =IF(C16>C17,(0.87*C20*Inputs!C13)/(Inputs!C2*(C16-C17)),"-") -> - | D21: mm | E21: Assumes fyv = 250 MPa for stirrups
A22: Recommended max spacing (min(b/2, 0.75d)) | C22: =MIN(C21, 0.75*C2, 300) -> -87750 | D22: mm

Sheet data of shear
A1: % steel (p) | B1: τc (N/mm²)
A2: 0.15 | B2: 0.28
A3: 0.25 | B3: 0.36
A4: 0.5 | B4: 0.46
A5: 0.75 | B5: 0.54
A6: 1 | B6: 0.62
A7: 1.25 | B7: 0.68
A8: 1.5 | B8: 0.74
A9: 2 | B9: 0.82
A10: 3 | B10: 0.93
